symbol,isin,trade_date,exchange,segment,series,trade_type,auction,quantity,price,trade_id,order_id,order_execution_time
SYNTHA,INE000A01011,2015-01-01,NSE,EQ,EQ,buy,false,1000,500,00000001,1000000000000000001,2015-01-01T09:30:00
SYNTHA,INE000A01011,2025-06-01,NSE,EQ,EQ,sell,false,1000,1500,00000002,1000000000000000002,2025-06-01T09:30:00
SYNTHC,INE000C01013,2025-04-10,NSE,EQ,EQ,buy,false,100,1000,00000003,1000000000000000003,2025-04-10T09:30:00
SYNTHC,INE000C01013,2025-12-20,NSE,EQ,EQ,sell,false,100,1300,00000004,1000000000000000004,2025-12-20T09:30:00
SYNTHG,INF000G01014,2023-10-01,NSE,EQ,EQ,buy,false,100,50,00000005,1000000000000000005,2023-10-01T09:30:00
SYNTHG,INF000G01014,2025-06-01,NSE,EQ,EQ,sell,false,100,60,00000006,1000000000000000006,2025-06-01T09:30:00
SYNTHB,INE000B01012,2025-06-02,NSE,EQ,EQ,buy,false,50,500,00000007,1000000000000000007,2025-06-02T09:20:00
SYNTHB,INE000B01012,2025-06-02,NSE,EQ,EQ,sell,false,50,510,00000008,1000000000000000008,2025-06-02T15:10:00
NIFTY25JUNFUT,,2025-06-03,NFO,FO,,sell,false,75,24000,00000009,1000000000000000009,2025-06-03T09:30:00
NIFTY25JUNFUT,,2025-06-20,NFO,FO,,buy,false,75,23900,00000010,1000000000000000010,2025-06-20T09:30:00
